Episode,Score,Average Score,Loss,Average Loss,Epsilon
1.0,0.0,0.0,0.5399405561911408,0.5399405561911408,0.995
2.0,0.0,0.0,1.6573423012159765,1.0986414287035586,0.990025
3.0,-1.0,-0.3333333333333333,1.3106460261624306,1.169309627856516,0.985074875
4.0,-2.0,-0.75,1.8160775592550635,1.3310016107061529,0.9801495006250001
5.0,-2.0,-1.0,1.8683909240062349,1.4384794733661692,0.9752487531218751
6.0,0.0,-0.8333333333333334,1.611193217424443,1.4672650973758816,0.9703725093562657
7.0,-2.0,-1.0,1.8736848137050401,1.5253250568514756,0.9655206468094844
8.0,-1.0,-1.0,1.6072513917461038,1.5355658487133041,0.960693043575437
9.0,-2.0,-1.1111111111111112,1.9131441534264013,1.577518993681426,0.9558895783575597
10.0,0.0,-1.0,2.0851953182718717,1.6282866261404707,0.9511101304657719
11.0,0.0,-0.9090909090909091,1.251249467022717,1.5940105207661295,0.946354579813443
12.0,0.0,-0.8333333333333334,1.4517404455691576,1.5821546811663818,0.9416228069143757
13.0,0.0,-0.7692307692307693,1.6041488471673802,1.5838465400895354,0.9369146928798039
14.0,0.0,-0.7142857142857143,1.2784751533181407,1.562034298177293,0.9322301194154049
15.0,2.0,-0.5333333333333333,1.3677515809540637,1.5490821170290776,0.9275689688183278
16.0,0.0,-0.5,1.5031250427709892,1.5462097998879472,0.9229311239742362
17.0,0.0,-0.47058823529411764,1.4248845493420959,1.5390730204440735,0.918316468354365
18.0,-1.0,-0.5,1.2651073891902342,1.523852707596638,0.9137248860125932
19.0,-4.0,-0.6842105263157895,1.5316319619887508,1.5242621420383282,0.9091562615825302
20.0,2.0,-0.55,1.11933982121991,1.5040160259974074,0.9046104802746175
21.0,0.0,-0.5238095238095238,1.0889478061289992,1.4842508726703403,0.9000874278732445
22.0,-1.0,-0.5454545454545454,1.2123513248807285,1.471891802316267,0.8955869907338783
23.0,0.0,-0.5217391304347826,1.161350806709379,1.4583900198985762,0.8911090557802088
24.0,-1.0,-0.5416666666666666,0.7632642306271009,1.429426445345598,0.8866535105013078
25.0,1.0,-0.48,1.1611842757556587,1.4186967585620005,0.8822202429488013
26.0,0.0,-0.46153846153846156,1.281683461391367,1.41342701636313,0.8778091417340573
27.0,-1.0,-0.48148148148148145,0.7284452117746696,1.3880573198968906,0.8734200960253871
28.0,0.0,-0.4642857142857143,0.8393976118532009,1.3684623303239019,0.8690529955452602
29.0,1.0,-0.41379310344827586,0.9930520629859529,1.3555171486915587,0.8647077305675338
30.0,-1.0,-0.43333333333333335,1.376316327485256,1.3562104546513487,0.8603841919146962
31.0,1.0,-0.3870967741935484,0.9411323676176835,1.3428208389405851,0.8560822709551227
32.0,-1.0,-0.40625,0.843423093232559,1.3272146593872094,0.851801859600347
33.0,-1.0,-0.42424242424242425,0.9011234737117775,1.3143028052758328,0.8475428503023453
34.0,0.0,-0.4117647058823529,1.0747574623674154,1.3072573540138204,0.8433051360508336
35.0,0.0,-0.4,0.9673539821524173,1.2975458291034947,0.8390886103705794
36.0,2.0,-0.3333333333333333,0.8262886212905869,1.2844553511086916,0.8348931673187264
37.0,3.0,-0.24324324324324326,1.1553471654187888,1.28096594068464,0.8307187014821328
38.0,1.0,-0.21052631578947367,0.9145857599796727,1.271324356981878,0.8265651079747222
39.0,4.0,-0.10256410256410256,0.9933789069764316,1.2641975505714818,0.8224322824348486
40.0,-2.0,-0.15,1.114809021120891,1.2604628373352171,0.8183201210226743
41.0,2.0,-0.0975609756097561,1.1070049084955826,1.2567199610220552,0.8142285204175609
42.0,-2.0,-0.14285714285714285,0.8483406536397524,1.2469966441796194,0.810157377815473
43.0,3.0,-0.06976744186046512,1.4771148056606762,1.2523482293303416,0.8061065909263957
44.0,-1.0,-0.09090909090909091,0.7797504750778899,1.2416073712791496,0.8020760579717637
45.0,1.0,-0.06666666666666667,1.1511702729039825,1.2395976579819237,0.798065677681905
46.0,0.0,-0.06521739130434782,1.4559649625443853,1.2443012950376293,0.7940753492934954
47.0,0.0,-0.06382978723404255,1.0352416218956932,1.2398532168856733,0.7901049725470279
48.0,0.0,-0.0625,1.1521573915379122,1.2380262205242616,0.7861544476842928
49.0,1.0,-0.04081632653061224,1.1881809423794039,1.2370089699498767,0.7822236754458713
50.0,0.0,-0.04,1.113705181342084,1.2345428941777208,0.778312557068642
51.0,2.0,0.0,1.155749665107578,1.2329979289018358,0.7744209942832988
52.0,3.0,0.057692307692307696,1.1088173806201667,1.2306098414348805,0.7705488893118823
53.0,1.0,0.07547169811320754,1.1141332352999598,1.2284121696210142,0.7666961448653229
54.0,2.0,0.1111111111111111,1.2193561646854505,1.228244465825911,0.7628626641409962
55.0,0.0,0.10909090909090909,0.916140899527818,1.222569855529582,0.7590483508202912
56.0,3.0,0.16071428571428573,1.3287678345805034,1.2244662480126343,0.7552531090661897
57.0,-1.0,0.14035087719298245,0.9372433040989563,1.219427248996605,0.7514768435208588
58.0,0.0,0.13793103448275862,1.1855942081310786,1.21884392070582,0.7477194593032545
59.0,4.0,0.2033898305084746,1.0379430770990439,1.2157778047124848,0.7439808620067382
60.0,0.0,0.2,1.2810841456521302,1.2168662437281454,0.7402609576967045
61.0,1.0,0.21311475409836064,0.8638685456244275,1.2110793962182484,0.736559652908221
62.0,0.0,0.20967741935483872,1.053196353954263,1.2085328955365713,0.7328768546436799
63.0,1.0,0.2222222222222222,1.3529254609020427,1.210824841018563,0.7292124703704616
64.0,3.0,0.265625,1.691660898271948,1.218337904413147,0.7255664080186093
65.0,1.0,0.27692307692307694,0.9110096622025594,1.2136097776099073,0.7219385759785162
66.0,3.0,0.3181818181818182,1.1332864386495203,1.2123927573226287,0.7183288830986236
67.0,0.0,0.31343283582089554,0.991359020001255,1.209093746317832,0.7147372386831305
68.0,2.0,0.3382352941176471,0.9152633736375719,1.2047727114254752,0.7111635524897149
69.0,0.0,0.3333333333333333,1.1353169730864465,1.203766106522011,0.7076077347272662
70.0,3.0,0.37142857142857144,0.8024135667947121,1.198032498811621,0.7040696960536299
71.0,0.0,0.36619718309859156,0.9642584891989827,1.194739907126936,0.7005493475733617
72.0,1.0,0.375,1.2786513424944133,1.1959053437292622,0.697046600835495
73.0,2.0,0.3972602739726027,1.2810558808851056,1.1970717894437257,0.6935613678313175
74.0,3.0,0.43243243243243246,1.4036545256967656,1.1998634480417398,0.6900935609921609
75.0,3.0,0.4666666666666667,1.3444269506144337,1.2017909614093758,0.6866430931872001
76.0,4.0,0.5131578947368421,1.5112128601176664,1.2058623021818533,0.6832098777212641
77.0,3.0,0.5454545454545454,0.9716391377151012,1.2028204429030642,0.6797938283326578
78.0,2.0,0.5641025641025641,1.0550362255889922,1.2009257734503198,0.6763948591909945
79.0,0.0,0.5569620253164557,1.1939020700519904,1.2008368658123663,0.6730128848950395
80.0,3.0,0.5875,1.0130320072639734,1.1984893050805112,0.6696478204705644
81.0,2.0,0.6049382716049383,1.2124077148037031,1.1986611372993161,0.6662995813682115
82.0,2.0,0.6219512195121951,1.0989548552315682,1.1974452070301973,0.6629680834613705
83.0,4.0,0.6626506024096386,1.2648039588239044,1.1982567582566275,0.6596532430440636
84.0,1.0,0.6666666666666666,1.3586603826843202,1.2001663252141,0.6563549768288433
85.0,4.0,0.7058823529411765,1.0625055155251175,1.1985467862765826,0.653073201944699
86.0,2.0,0.7209302325581395,1.1837588222697377,1.1983748332067354,0.6498078359349755
87.0,4.0,0.7586206896551724,1.1193563913693652,1.1974665752545819,0.6465587967553006
88.0,3.0,0.7840909090909091,1.327290650573559,1.198941848837752,0.6433260027715241
89.0,0.0,0.7752808988764045,1.125759661779739,1.1981195770730553,0.6401093727576664
90.0,4.0,0.8111111111111111,1.277705377084203,1.1990038637398457,0.6369088258938781
91.0,3.0,0.8351648351648352,1.0598433568375185,1.1974746274002597,0.6337242817644086
92.0,6.0,0.8913043478260869,1.2212880632141605,1.197733469093889,0.6305556603555866
93.0,1.0,0.8924731182795699,1.1603689526673406,1.1973317001000552,0.6274028820538087
94.0,6.0,0.9468085106382979,1.3447128150146455,1.1988995843012742,0.6242658676435396
95.0,6.0,1.0,1.1878872935194522,1.1987836654509394,0.6211445383053219
96.0,2.0,1.0104166666666667,1.3800113004399464,1.2006714533154081,0.6180388156137953
97.0,0.0,1.0,1.7819417242426425,1.2066639303352766,0.6149486215357263
98.0,5.0,1.0408163265306123,1.150336733320728,1.2060891630188015,0.6118738784280476
99.0,1.0,1.0404040404040404,1.67435522103915,1.2108191232008252,0.6088145090359074
100.0,5.0,1.08,1.5177689077681862,1.213888621046499,0.6057704364907278
101.0,2.0,1.1,1.601191205671057,1.224501127541298,0.6027415843082742
102.0,6.0,1.16,1.2637585424818099,1.2205652899539563,0.5997278763867329
103.0,4.0,1.21,1.6839448441751301,1.2242982781340834,0.5967292370047992
104.0,4.0,1.27,1.5017639300785959,1.2211551418423188,0.5937455908197752
105.0,1.0,1.3,1.5541642886819318,1.2180128754890758,0.5907768628656763
106.0,3.0,1.33,1.6992441647453234,1.2188933849622845,0.5878229785513479
107.0,1.0,1.36,1.618027167627588,1.21633680850151,0.5848838636585911
108.0,2.0,1.39,1.5479563202243298,1.2157438577862922,0.5819594443402982
109.0,0.0,1.41,1.7159659786848351,1.2137720760388766,0.5790496471185967
110.0,3.0,1.44,1.9087684547994286,1.212007807404152,0.5761543988830038
111.0,1.0,1.45,1.4247028620447963,1.2137423413543729,0.5732736268885887
112.0,1.0,1.46,1.7599766594357789,1.216824703493039,0.5704072587541458
113.0,2.0,1.48,2.164022371172905,1.2224234387330943,0.567555222460375
114.0,2.0,1.5,2.254159884294495,1.232180286042858,0.5647174463480732
115.0,3.0,1.51,1.5807074211770669,1.234309844445088,0.5618938591163328
116.0,5.0,1.56,1.7839551084907725,1.2371181451022857,0.5590843898207511
117.0,4.0,1.6,1.9117972827516496,1.2419872724363814,0.5562889678716474
118.0,2.0,1.63,1.8528449244331568,1.2478646477888105,0.5535075230322891
119.0,6.0,1.73,1.518639984424226,1.2477347280131652,0.5507399854171277
120.0,2.0,1.73,1.7038850089302287,1.2535801798902684,0.547986285490042
121.0,4.0,1.77,2.0653710494516417,1.263344412323495,0.5452463540625918
122.0,2.0,1.8,1.9759543893160298,1.270980442967848,0.5425201222922789
123.0,3.0,1.83,1.662219185847789,1.275989126759232,0.5398075216808175
124.0,4.0,1.88,2.03801590600051,1.2887366435129661,0.5371084840724134
125.0,4.0,1.91,1.7100132920313627,1.2942249336757232,0.5344229416520513
126.0,1.0,1.92,1.6537128794007003,1.2979452278558166,0.531750826943791
127.0,8.0,2.01,1.593099472578615,1.3065917704638559,0.5290920728090721
128.0,1.0,2.02,2.0034601751249284,1.3182323960965732,0.5264466124450268
129.0,5.0,2.06,1.9742006078595296,1.328043881545309,0.5238143793828016
130.0,5.0,2.12,2.137733567156829,1.3356580539420246,0.5211953074858876
131.0,2.0,2.13,1.8513108727056533,1.3447598389929043,0.5185893309484582
132.0,6.0,2.2,1.9511040290817618,1.3558366483513964,0.5159963842937159
133.0,5.0,2.26,1.9595686291577294,1.366421099905856,0.5134164023722473
134.0,7.0,2.33,1.9119653262896463,1.3747931785450782,0.510849320360386
135.0,2.0,2.35,1.825376154622063,1.3833734002697746,0.5082950737585841
136.0,7.0,2.4,1.8420540725346655,1.3935310547822155,0.5057535983897912
137.0,5.0,2.42,1.8951565163442865,1.4009291482914705,0.5032248303978422
138.0,3.0,2.44,2.579290387337096,1.4175761945650447,0.500708706245853
139.0,5.0,2.45,2.2517095330404118,1.4301595008256844,0.4982051627146237
140.0,3.0,2.5,2.439456782885827,1.443405978443334,0.49571413690105054
141.0,5.0,2.53,2.0345039151143283,1.4526809685095214,0.4932355662165453
142.0,4.0,2.59,1.6095036731567234,1.460292598704691,0.4907693883854626
143.0,3.0,2.59,2.085862121777609,1.4663800718658604,0.4883155414435353
144.0,6.0,2.66,2.385104233631864,1.4824336094514001,0.4858739637363176
145.0,3.0,2.68,2.3127709154505283,1.4940496158768655,0.483444593917636
146.0,2.0,2.7,2.2524139012675732,1.5020141052640974,0.4810273709480478
147.0,4.0,2.74,2.477490427903831,1.5164365933241788,0.47862223409330756
148.0,1.0,2.75,2.206919923890382,1.5269842186477036,0.47622912292284103
149.0,5.0,2.79,2.4853493947302923,1.5399559031712124,0.4738479773082268
150.0,1.0,2.8,2.393617501598783,1.5527550263737795,0.47147873742168567
151.0,6.0,2.84,2.302911872509867,1.5642266484478022,0.46912134373457726
152.0,7.0,2.88,2.475538674276322,1.5778938613843638,0.46677573701590436
153.0,6.0,2.93,2.3839719430543482,1.5905922484619077,0.46444185833082485
154.0,5.0,2.96,2.1385881626047194,1.5997845684411005,0.46211964903917074
155.0,6.0,3.02,2.3308575418777764,1.6139317348646,0.4598090507939749
156.0,3.0,3.02,2.4948197584599257,1.6255922541033943,0.457510005540005
157.0,5.0,3.08,2.1710296436212957,1.6379301174986176,0.45522245551230495
158.0,3.0,3.11,2.536162532866001,1.6514358007459669,0.4529463432347434
159.0,5.0,3.12,2.4289711359888315,1.6653460813348646,0.4506816115185697
160.0,3.0,3.15,2.380393394269049,1.6763391738210338,0.4484282034609769
161.0,10.0,3.24,2.4741979958489537,1.6924424683232793,0.446186062443672
162.0,10.0,3.34,2.342101750895381,1.7053315222926904,0.4439551321314536
163.0,4.0,3.37,2.772090053651482,1.7195231682201848,0.4417353564707963
164.0,2.0,3.36,2.4221634678542614,1.726828193916008,0.43952667968844233
165.0,3.0,3.38,2.301653284113854,1.7407346301351208,0.43732904629000013
166.0,9.0,3.44,2.7797855553217232,1.7571996213018428,0.4351424010585501
167.0,4.0,3.48,2.826364189386368,1.7755496729956939,0.43296668905325736
168.0,6.0,3.52,2.982868178281933,1.7962257210421375,0.43080185560799106
169.0,9.0,3.61,2.835905951447785,1.813231610825751,0.4286478463299511
170.0,4.0,3.62,2.7890958921052516,1.8330984340788563,0.42650460709830135
171.0,1.0,3.63,2.4404231461230665,1.8478600806480971,0.42437208406280985
172.0,7.0,3.69,2.5713013282511383,1.8607865805056645,0.4222502236424958
173.0,3.0,3.7,2.238094925414771,1.870356970950961,0.42013897252428334
174.0,6.0,3.73,2.3708751564845443,1.880029177258839,0.4180382776616619
175.0,4.0,3.74,2.386655447073281,1.8904514622234274,0.4159480862733536
176.0,1.0,3.71,2.5757553263101727,1.9010968868853524,0.41386834584198684
177.0,10.0,3.78,2.7658883745316416,1.9190393792535179,0.4117990041127769
178.0,3.0,3.79,2.860087001696229,1.9370898870145903,0.40974000909221303
179.0,10.0,3.89,2.5045714490115643,1.950196580804186,0.40769130904675194
180.0,3.0,3.89,2.5765929450280964,1.9658321901818272,0.40565285250151817
181.0,3.0,3.9,2.7266584732569754,1.9809746977663598,0.4036245882390106
182.0,2.0,3.9,2.291452771052718,1.9928996769245715,0.4016064652978155
183.0,7.0,3.93,3.1291809184476733,2.0115434465208093,0.3995984329713264
184.0,4.0,3.96,2.77586681349203,2.0257155108288862,0.3976004408064698
185.0,0.0,3.92,2.7057536845095456,2.0421479925187302,0.39561243860243744
186.0,7.0,3.97,2.4677284159697592,2.0549876884557308,0.3936343764094253
187.0,2.0,3.95,2.9097279380075634,2.0728914039221125,0.39166620452737816
188.0,9.0,4.01,3.095548036508262,2.09057397778146,0.3897078735047413
189.0,6.0,4.07,2.666303520090878,2.105979416364571,0.3877593341372176
190.0,11.0,4.14,2.7255827393382788,2.120458189987112,0.3858205374665315
191.0,0.0,4.11,2.4852426182478666,2.1347121826012154,0.38389143477919885
192.0,3.0,4.08,2.2639187006279826,2.1451384889753538,0.3819719776053028
193.0,5.0,4.12,2.976537042297423,2.1633001698716545,0.3800621177172763
194.0,4.0,4.1,2.691450218204409,2.176767543903552,0.37816180712868996
195.0,6.0,4.1,2.4299684884026647,2.189188355852384,0.37627099809304654
196.0,5.0,4.13,3.253828169312328,2.207926524541108,0.3743896431025813
197.0,6.0,4.19,2.846892270259559,2.218576030001277,0.37251769488706843
198.0,7.0,4.21,3.209325248375535,2.2391659151518253,0.3706551064126331
199.0,9.0,4.29,3.474672229960561,2.2571690852410393,0.36880183088056995
200.0,4.0,4.28,3.0482841548509896,2.2724742377118674,0.3669578217261671
201.0,6.0,4.32,2.588731478434056,2.2823496404394974,0.36512303261753626
202.0,5.0,4.31,3.085176528431475,2.300563820298994,0.3632974174544486
203.0,9.0,4.36,2.774774503428489,2.3114721168915278,0.3614809303671764
204.0,3.0,4.35,2.968422188423574,2.3261386994749773,0.3596735257153405
205.0,9.0,4.43,3.004186056088656,2.3406389171490445,0.3578751580867638
206.0,6.0,4.46,3.0516725573688745,2.35416320107528,0.35608578229633
207.0,4.0,4.49,3.219259371049702,2.370175523109501,0.3543053533848483
208.0,7.0,4.54,3.59429257363081,2.390638885643566,0.35253382661792404
209.0,5.0,4.59,2.9915444906800985,2.4033946707635185,0.3507711574848344
210.0,7.0,4.63,3.059887672541663,2.414905862940941,0.34901730169741024
211.0,3.0,4.65,3.1609029427636415,2.4322678637481294,0.3472722151889232
212.0,5.0,4.69,2.7748742485418916,2.4424168396391908,0.3455358541129786
213.0,13.0,4.8,3.186471867375076,2.4526413346012124,0.3438081748424137
214.0,11.0,4.89,3.0868739308789372,2.4609684750670566,0.3420891339682016
215.0,9.0,4.95,3.12952270405367,2.4764566278958227,0.3403786882983606
216.0,7.0,4.97,3.1106412312947214,2.4897234891238624,0.3386767948568688
217.0,9.0,5.02,3.2537454292178154,2.5031429705885238,0.33698341088258443
218.0,2.0,5.02,3.395987535826862,2.5185743967024607,0.3352984938281715
219.0,4.0,5.0,3.142696292605251,2.534814959784271,0.33362200135903064
220.0,7.0,5.05,2.824401524849236,2.5460201249434613,0.33195389135223546
221.0,6.0,5.07,3.359589691273868,2.5589623113616837,0.3302941218954743
222.0,4.0,5.09,3.400648600887507,2.5732092534773985,0.32864265128599696
223.0,4.0,5.1,3.766868721228093,2.5942557488312015,0.326999438029567
224.0,11.0,5.17,3.5071233683265746,2.608946823454462,0.3253644408394192
225.0,3.0,5.16,3.7952659307047725,2.6297993498411962,0.3237376186352221
226.0,13.0,5.28,3.2143023274838924,2.645405244322028,0.322118930542046
227.0,11.0,5.31,3.777993996627629,2.6672541895625184,0.32050833588933575
228.0,6.0,5.36,3.863250769674778,2.6858520955080167,0.31890579420988907
229.0,2.0,5.33,3.663905064575374,2.7027491400751753,0.3173112652388396
230.0,10.0,5.38,3.0774995093233883,2.712146799496841,0.3157247089126454
231.0,3.0,5.39,3.1483930270187557,2.725117621039972,0.3141460853680822
232.0,8.0,5.41,4.022175950231031,2.7458283402514643,0.3125753549412418
233.0,8.0,5.44,3.2538799215108156,2.758771453174995,0.31101247816653554
234.0,11.0,5.48,3.3209027701523155,2.7728608276136217,0.30945741577570285
235.0,4.0,5.5,3.2040151986293495,2.786647218053695,0.3079101286968243
236.0,7.0,5.5,3.4782170611433685,2.8030088479397817,0.3063705780533402
237.0,6.0,5.51,2.952748414129019,2.813584766917629,0.30483872516307353
238.0,2.0,5.5,3.1146143078804016,2.8189380061230622,0.3033145315372582
239.0,10.0,5.55,3.438262294046581,2.830803533733124,0.3017979588795719
240.0,5.0,5.57,3.790504648350179,2.8443140123877675,0.30028896908517405
241.0,11.0,5.63,3.625936219468713,2.8602283354313114,0.2987875242397482
242.0,9.0,5.68,3.312263933941722,2.8772559380391614,0.29729358661854943
243.0,5.0,5.7,3.930264199152589,2.895699958812911,0.29580711868545667
244.0,10.0,5.74,3.4931826423853636,2.906780742900446,0.2943280830920294
245.0,8.0,5.79,3.6905686571262777,2.9205587203172034,0.29285644267656924
246.0,11.0,5.88,3.4070503530092537,2.93210508483462,0.2913921604631864
247.0,7.0,5.91,3.6203293399885297,2.9435334739554673,0.28993519966087045
248.0,8.0,5.98,3.6234215954318643,2.9576984906708823,0.2884855236625661
249.0,6.0,5.99,2.866647630929947,2.961511473032879,0.28704309604425327
250.0,16.0,6.14,3.9528256794437766,2.9771035548113285,0.285607880564032
251.0,4.0,6.12,3.5811321130022407,2.9898857572162525,0.28417984116121187
252.0,8.0,6.13,4.073500978760421,3.0058653802610933,0.2827589419554058
253.0,5.0,6.12,3.7727085342630744,3.0197527461731806,0.28134514724562876
254.0,4.0,6.11,3.4614759534597397,3.0329816240817307,0.2799384215094006
255.0,7.0,6.12,4.149582525715232,3.0511688739201053,0.27853872940185365
256.0,12.0,6.21,3.8113962011411786,3.064334638346918,0.27714603575484437
257.0,7.0,6.23,3.795323978178203,3.080577581692487,0.2757603055760701
258.0,8.0,6.28,3.879036046564579,3.0940063168294727,0.2743815040481898
259.0,10.0,6.33,4.3572629783302546,3.113289235252887,0.2730095965279488
260.0,8.0,6.38,3.8010068172588944,3.1274953694827854,0.27164454854530906
261.0,9.0,6.37,4.086889404337853,3.1436222835676744,0.2702863258025825
262.0,5.0,6.32,4.1318305670283735,3.1615195717290043,0.2689348941735696
263.0,14.0,6.42,3.9610734777525067,3.1734094059700144,0.26759021970270175
264.0,8.0,6.48,4.117446261458099,3.190362233906053,0.2662522686041882
265.0,12.0,6.57,3.959911343641579,3.2069448145013304,0.2649210072611673
266.0,10.0,6.58,3.777123342268169,3.2169181923707946,0.26359640222486147
267.0,12.0,6.66,4.149939329363406,3.2301539437705653,0.26227842021373715
268.0,5.0,6.65,4.559665096923709,3.245921912956983,0.2609670281126685
269.0,11.0,6.67,4.161265920847654,3.2591755126509816,0.25966219297210513
270.0,4.0,6.67,4.378424719907343,3.2750688009290023,0.2583638820072446
271.0,9.0,6.75,3.87115096161142,3.289376079083886,0.2570720625972084
272.0,11.0,6.79,4.064788601594046,3.3043109518173153,0.25578670228422234
273.0,12.0,6.88,4.2656663006637245,3.3245866655698046,0.25450776877280124
274.0,12.0,6.94,3.451941093429923,3.3353973249392586,0.2532352299289372
275.0,10.0,7.0,3.9548762664198875,3.3510795331327246,0.2519690537792925
276.0,3.0,7.02,3.986353757791221,3.365185517447535,0.2507092085103961
277.0,8.0,7.0,4.387440683320165,3.3814010405354202,0.2494556624678441
278.0,10.0,7.07,4.060234901960939,3.3934025195380673,0.24820838415550486
279.0,4.0,7.01,4.450763909611851,3.4128644441440703,0.24696734223472733
280.0,10.0,7.08,4.287316194735467,3.4299716766411437,0.2457325055235537
281.0,4.0,7.09,4.423343125730753,3.4469385231658816,0.24450384299593592
282.0,5.0,7.12,4.049487185664475,3.464518867311999,0.24328132378095624
283.0,3.0,7.08,4.48555788770318,3.478082637004554,0.24206491716205145
284.0,11.0,7.15,4.98182989936322,3.500142267863266,0.2408545925762412
285.0,5.0,7.2,4.418424972333014,3.517268980741501,0.23965031961336
286.0,3.0,7.16,4.5827566725201905,3.5384192633070053,0.2384520680152932
287.0,6.0,7.2,3.745984287932515,3.5467818268062548,0.23725980767521673
288.0,7.0,7.18,4.577076903078705,3.561597115471959,0.23607350863684065
289.0,10.0,7.22,4.045331168919802,3.5753873919602484,0.23489314109365644
290.0,11.0,7.22,4.9993060836568475,3.5981246254034343,0.23371867538818816
291.0,14.0,7.36,4.790400987491012,3.6211762090958657,0.23255008201124722
292.0,6.0,7.39,4.608205558266491,3.6446190776722505,0.231387331601191
293.0,12.0,7.46,4.04982387740165,3.655351946023293,0.23023039494318503
294.0,9.0,7.51,4.0537054990418255,3.668974498831667,0.2290792429684691
295.0,17.0,7.62,4.992074940353632,3.694595563351177,0.22793384675362674
296.0,11.0,7.68,4.562061920762062,3.707677900865674,0.22679417751985861
297.0,2.0,7.64,4.506841237191111,3.7242773905349895,0.22566020663225933
298.0,1.0,7.58,5.0063597853295505,3.7422477359045296,0.22453190559909803
299.0,9.0,7.58,3.9079427728429437,3.7465804413333537,0.22340924607110255
300.0,12.0,7.66,4.006580005399883,3.7561633998388424,0.22229219984074702
301.0,11.0,7.71,3.9267601994797587,3.7695436870492993,0.2211807388415433
302.0,4.0,7.7,4.4387421533465385,3.78307934329845,0.22007483514733558
303.0,6.0,7.67,4.387662555091083,3.799208223815076,0.2189744609715989
304.0,15.0,7.79,4.566773413680494,3.815191736067645,0.2178795886667409
305.0,9.0,7.79,4.7293292209506035,3.832443167716265,0.2167901907234072
306.0,5.0,7.78,4.819041379727423,3.8501168559398504,0.21570623976979014
307.0,13.0,7.87,4.561741362325847,3.8635416758526118,0.21462770857094118
308.0,6.0,7.86,4.474794517271221,3.872346695289016,0.21355457002808648
309.0,7.0,7.88,4.177981690503657,3.8842110672872514,0.21248679717794605
310.0,9.0,7.9,4.531707359477878,3.8989292641566133,0.21142436319205632
311.0,9.0,7.96,4.226760174147785,3.909587836470455,0.21036724137609603
312.0,8.0,7.99,4.417678005062044,3.9260158740356563,0.20931540516921554
313.0,9.0,7.95,4.08372466545552,3.9349884020164607,0.20826882814336947
314.0,8.0,7.92,4.401081801392138,3.948130480721593,0.20722748400265262
315.0,5.0,7.88,4.49024295527488,3.961737683233805,0.20619134658263935
316.0,14.0,7.95,4.615927131846547,3.976790542239323,0.20516038984972615
317.0,12.0,7.98,5.1305943434126675,3.995559031381272,0.2041345879004775
318.0,12.0,8.08,4.411171011161059,4.0057108661346135,0.2031139149609751
319.0,10.0,8.14,4.337500317953527,4.017658906388096,0.20209834538617025
320.0,2.0,8.09,4.5824591387063265,4.035239482526667,0.2010878536592394
321.0,10.0,8.13,4.628550471737981,4.0479290903313085,0.2000824143909432
322.0,9.0,8.18,4.764752643182874,4.061570130754262,0.19908200231898848
323.0,2.0,8.16,5.039221383165568,4.074293657373637,0.19808659230739353
324.0,7.0,8.12,4.755002107005566,4.086772444760427,0.19709615934585656
325.0,12.0,8.21,4.385852511040866,4.092678310563787,0.19611067854912728
326.0,12.0,8.2,4.190976743586361,4.102445054724813,0.19513012515638165
327.0,8.0,8.17,4.811236144043505,4.112777476198971,0.19415447453059972
328.0,8.0,8.19,5.214604262262583,4.12629101112485,0.19318370215794672
329.0,3.0,8.2,4.919316960498691,4.138845130084082,0.192217783647157
330.0,5.0,8.15,4.962996414396912,4.157700099134818,0.1912566947289212
331.0,8.0,8.2,4.738331155385822,4.173599480418488,0.1903004112552766
332.0,4.0,8.16,4.096712323836982,4.174344844154548,0.18934890919900021
333.0,5.0,8.13,4.614446030929685,4.187950505248737,0.18840216465300522
334.0,14.0,8.16,4.733144252561033,4.2020729200728235,0.18746015382974018
335.0,13.0,8.25,4.527562093921006,4.21530838902574,0.1865228530605915
336.0,9.0,8.27,5.361377575434744,4.234139994168654,0.18559023879528855
337.0,12.0,8.33,4.952085595577955,4.254133365983144,0.1846622876013121
338.0,16.0,8.47,5.435664834454656,4.277343871248886,0.18373897616330553
339.0,11.0,8.48,5.164337810128927,4.2946046264097095,0.182820281282489
340.0,7.0,8.5,4.413647096604109,4.300836050892249,0.18190617987607657
341.0,13.0,8.52,4.732991738244891,4.311906606080011,0.18099664897669618
342.0,9.0,8.52,5.17270222119987,4.330510988952592,0.1800916657318127
343.0,14.0,8.61,4.7563543021678925,4.338771889982745,0.17919120740315364
344.0,13.0,8.64,5.205110426992178,4.355891167828813,0.17829525136613786
345.0,11.0,8.67,5.398438553325832,4.372969866790808,0.17740377510930716
346.0,9.0,8.65,4.51537424698472,4.384053105730564,0.17651675623376062
347.0,10.0,8.68,4.8219269728288054,4.3960690820589665,0.1756341724525918
348.0,11.0,8.71,5.162338859401643,4.411458254698664,0.17475600159032884
349.0,7.0,8.72,4.8165615405887365,4.430957393795252,0.17388222158237718
350.0,10.0,8.66,4.77951629133895,4.439224299914204,0.1730128104744653
351.0,13.0,8.75,4.274796787649393,4.446160946660675,0.17214774642209296
352.0,10.0,8.77,5.170427041593939,4.45713020728901,0.1712870076899825
353.0,7.0,8.79,5.154187805019319,4.470944999996573,0.17043057265153258
354.0,8.0,8.83,4.994968925602734,4.486279929718003,0.16957841978827493
355.0,12.0,8.88,4.783887516707182,4.492622979627922,0.16873052768933355
356.0,13.0,8.89,4.7576557928696275,4.502085575545206,0.1678868750508869
357.0,14.0,8.96,4.891143159940839,4.513043767362833,0.16704744067563246
358.0,8.0,8.96,5.519994112662971,4.529453348023817,0.1662122034722543
359.0,11.0,8.97,5.0008290857076645,4.535889009097591,0.16538114245489302
360.0,6.0,8.95,5.428833690006286,4.552167277825065,0.16455423674261854
361.0,10.0,8.96,5.208540193270892,4.563383785714396,0.16373146555890544
362.0,6.0,8.97,4.5544945215806365,4.567610425259918,0.16291280823111093
363.0,15.0,8.98,5.397909830324352,4.581978788785636,0.16209824418995536
364.0,10.0,9.0,5.8100784588605165,4.59890511075966,0.16128775296900558
365.0,10.0,8.98,5.22747643943876,4.611580761717632,0.16048131420416054
366.0,10.0,8.98,5.440722914412618,4.628216757439077,0.15967890763313974
367.0,18.0,9.04,5.086693411692977,4.6375842982623725,0.15888051309497406
368.0,15.0,9.14,5.335668383166194,4.6453443311247975,0.1580861105294992
369.0,7.0,9.1,5.083090042695403,4.654562572343275,0.1572956799768517
370.0,9.0,9.15,5.105011010542512,4.661828435249626,0.15650920157696743
371.0,13.0,9.19,4.717250567860901,4.6702894313121215,0.1557266555690826
372.0,10.0,9.18,5.10267273709178,4.6806682726670985,0.1549480222912372
373.0,13.0,9.19,4.574548391625285,4.683757093576714,0.15417328217978102
374.0,1.0,9.08,4.840704897418618,4.6976447316166015,0.1534024157688821
375.0,8.0,9.06,5.397202208638191,4.712067991038785,0.1526354036900377
376.0,14.0,9.17,4.794346550479531,4.720147918965668,0.1518722266715875
377.0,5.0,9.14,5.362906818278134,4.7299025803152475,0.15111286553822956
378.0,16.0,9.2,5.323561143130064,4.742535842726938,0.15035730121053842
379.0,11.0,9.27,4.9315007803961635,4.7473432114347816,0.14960551470448571
380.0,16.0,9.33,4.315324358642101,4.747623293073848,0.14885748713096328
381.0,16.0,9.45,4.418217694852501,4.747572038765066,0.14811319969530845
382.0,11.0,9.51,5.299077826552093,4.760067945173941,0.1473726336968319
383.0,17.0,9.65,4.846068522427231,4.763673051521182,0.14663577052834775
384.0,10.0,9.64,5.313319948501885,4.766987952012569,0.14590259167570602
385.0,19.0,9.78,4.500313707627356,4.767806839365512,0.1451730787173275
386.0,12.0,9.87,5.53046534024179,4.7772839260427284,0.14444721332374086
387.0,14.0,9.95,5.608248378150165,4.795906566944905,0.14372497725712216
388.0,12.0,10.0,4.66288164164871,4.796764614330605,0.14300635237083656
389.0,9.0,9.99,5.729883193038404,4.813610134571791,0.14229132060898236
390.0,14.0,10.02,6.150236116722226,4.825119434902445,0.14157986400593744
391.0,11.0,9.99,5.251346986740828,4.829728894894942,0.14087196468590776
392.0,16.0,10.09,5.29678682051599,4.8366147075174375,0.14016760486247823
393.0,11.0,10.08,4.4603990549221635,4.840720459292643,0.13946676683816583
394.0,13.0,10.12,4.774884601123631,4.847932250313461,0.138769433003975
395.0,15.0,10.1,5.3222913313657045,4.8512344142235815,0.13807558583895513
396.0,13.0,10.12,4.760179161094129,4.853215586626902,0.13738520790976036
397.0,7.0,10.17,4.6247455002740026,4.854394629257731,0.13669828187021155
398.0,9.0,10.25,4.491221856325865,4.849243249967694,0.13601479046086049
399.0,8.0,10.24,5.539037133567035,4.865554193574935,0.1353347165085562
400.0,11.0,10.23,4.977611566893756,4.875264509189874,0.1346580429260134
401.0,9.0,10.21,5.04978203214705,4.8864947275165465,0.13398475271138335
402.0,7.0,10.24,5.499977163039148,4.897107077613473,0.13331482894782642
403.0,9.0,10.27,5.765547305345535,4.910885925116017,0.13264825480308728
404.0,7.0,10.19,4.586189125664532,4.911080082235858,0.13198501352907185
405.0,20.0,10.3,4.864306073635817,4.9124298507627095,0.1313250884614265
406.0,14.0,10.39,5.523812934756279,4.919477566312999,0.13066846301911936
407.0,15.0,10.41,5.207065561786294,4.925930808307603,0.13001512070402377
408.0,12.0,10.47,5.669557708315551,4.9378784402180464,0.12936504510050365
409.0,14.0,10.54,6.124702038243413,4.957345643695444,0.12871821987500112
410.0,5.0,10.5,5.520959297195077,4.967238163072616,0.12807462877562611
411.0,4.0,10.45,5.338553904090077,4.9783561003720385,0.12743425563174798
412.0,13.0,10.5,4.784902658779174,4.98202834690921,0.12679708435358925
413.0,14.0,10.55,4.9037485886365175,4.99022858614102,0.1261630989318213
414.0,11.0,10.58,6.032692161388695,5.006544689740986,0.1255322834371622
415.0,7.0,10.6,5.449737750925124,5.0161396376974885,0.12490462201997637
416.0,20.0,10.66,5.537515141069889,5.025355517789722,0.1242800989098765
417.0,12.0,10.66,6.251242684200406,5.0365620011975984,0.12365869841532712
418.0,13.0,10.67,5.199631972704083,5.044446610813029,0.12304040492325048
419.0,8.0,10.65,6.254803029354662,5.06361963792704,0.12242520289863423
420.0,18.0,10.81,5.724162694532424,5.075036673485301,0.12181307688414106
421.0,20.0,10.91,5.466430226806551,5.083415471035988,0.12120401149972035
422.0,11.0,10.93,5.354532578960061,5.089313270393759,0.12059799144222175
423.0,3.0,10.94,4.458013725467026,5.083501193816773,0.11999500148501063
424.0,9.0,10.96,5.678071008995175,5.09273188283667,0.11939502647758558
425.0,14.0,10.98,6.567029172554612,5.114543649451807,0.11879805134519765
426.0,2.0,10.88,5.474770507775247,5.127381587093696,0.11820406108847166
427.0,12.0,10.92,5.9000044176355,5.138269269829616,0.1176130407830293
428.0,4.0,10.88,5.296436447184533,5.139087591678836,0.11702497557911415
429.0,7.0,10.92,5.146672689821571,5.141361148972064,0.11643985070121858
430.0,9.0,10.96,4.857383737806231,5.1403050222061575,0.11585765144771248
431.0,14.0,11.02,6.157700835261494,5.1544987190049145,0.11527836319047392
432.0,8.0,11.06,5.835190053563565,5.17188349630218,0.11470197137452155
433.0,14.0,11.15,6.121120359282941,5.1869502395857126,0.11412846151764894
434.0,13.0,11.14,5.434337765909731,5.1939621747192,0.1135578192100607
435.0,13.0,11.14,5.182240258902311,5.200508956369013,0.11299003011401039
436.0,10.0,11.15,6.3013297114521265,5.209908477729186,0.11242507996344034
437.0,7.0,11.1,5.428850783035159,5.214676129603759,0.11186295456362313
438.0,3.0,10.97,5.765733668580651,5.2179768179450186,0.11130363979080501
439.0,13.0,10.99,5.290129402652383,5.219234733870253,0.11074712159185099
440.0,10.0,11.02,6.27188432123512,5.237817106116563,0.11019338598389174
441.0,17.0,11.06,5.286574756726623,5.24335293630138,0.10964241905397228
442.0,12.0,11.09,5.6159757655113935,5.247785671744496,0.10909420695870241
443.0,2.0,10.97,5.492674943059683,5.255148878153413,0.1085487359239089
444.0,21.0,11.05,5.567937025800347,5.258777144141495,0.10800599224428936
445.0,15.0,11.09,5.516936093568802,5.259962119543925,0.10746596228306791
446.0,3.0,11.03,5.400669643655419,5.268815073510632,0.10692863247165257
447.0,10.0,11.03,4.84622042067349,5.269058007989079,0.1063939893092943
448.0,11.0,11.03,5.395567613653839,5.2713902955316,0.10586201936274783
449.0,11.0,11.07,4.7923274133354425,5.271147954259067,0.10533270926593409
450.0,10.0,11.07,5.292709722183645,5.276279888567514,0.10480604571960442
451.0,10.0,11.04,5.732246805913746,5.290854388750159,0.1042820154910064
452.0,5.0,10.99,5.654568202793598,5.295695800362155,0.10376060541355137
453.0,5.0,10.97,5.870702565647662,5.302860947968438,0.1032418023864836
454.0,14.0,11.03,6.153225740417838,5.314443516116589,0.10272559337455119
455.0,18.0,11.09,5.023718529380858,5.316841826243326,0.10221196540767843
456.0,9.0,11.05,5.664200361818075,5.32590727193281,0.10170090558064004
457.0,10.0,11.01,5.018591784872115,5.327181758182124,0.10119240105273684
458.0,9.0,11.02,5.467320664785802,5.326655023703352,0.10068643904747315
459.0,5.0,10.96,5.347083841450512,5.3301175712607805,0.10018300685223579
460.0,17.0,11.07,5.275075837038457,5.328579992731102,0.0996820918179746
461.0,16.0,11.13,5.908909707330167,5.3355836878716945,0.09918368135888474
462.0,15.0,11.22,5.6053897980600595,5.346092640636488,0.09868776295209031
463.0,18.0,11.25,5.0944787403568625,5.343058329736814,0.09819432413732986
464.0,14.0,11.29,5.884320951998234,5.343800754668191,0.09770335251664321
465.0,14.0,11.33,5.435104049742222,5.345877030771225,0.09721483575406
466.0,16.0,11.39,5.781580941751599,5.349285611044616,0.09672876157528969
467.0,14.0,11.35,6.310214886441827,5.361520825792104,0.09624511776741324
468.0,11.0,11.31,5.721181443892419,5.365375956399366,0.09576389217857617
469.0,19.0,11.43,5.092916805297136,5.365474224025384,0.09528507271768329
470.0,11.0,11.45,6.436694035306573,5.378791054273024,0.09480864735409487
471.0,12.0,11.44,6.6036160620860755,5.397654709215276,0.0943346041173244
472.0,9.0,11.43,5.390884394291788,5.400536825787276,0.09386293109673778
473.0,16.0,11.46,5.841304602101445,5.413204387892038,0.09339361644125409
474.0,16.0,11.61,6.254423879086971,5.427341577708721,0.09292664835904782
475.0,9.0,11.62,5.5555790066719055,5.428925345689058,0.09246201511725258
476.0,19.0,11.67,5.79548856895417,5.438936765873804,0.09199970504166631
477.0,15.0,11.77,5.899040075019002,5.444298098441213,0.09153970651645797
478.0,11.0,11.72,6.062047825194895,5.4516829652618615,0.09108200798387568
479.0,11.0,11.72,5.839982954785228,5.460767787005753,0.0906265979439563
480.0,13.0,11.69,6.0343826385214925,5.477958369804546,0.09017346495423652
481.0,7.0,11.6,5.66213602758944,5.490397553131916,0.08972259762946533
482.0,10.0,11.59,5.258301669731736,5.489989791563712,0.089273984641318
483.0,11.0,11.53,6.081264430657029,5.50234175064601,0.0888276147181114
484.0,14.0,11.57,6.039543649181724,5.509603987652809,0.08838347664452084
485.0,19.0,11.57,6.249316301196814,5.527094013588503,0.08794155926129824
486.0,14.0,11.59,5.645219894126058,5.528241559127346,0.08750185146499175
487.0,14.0,11.59,6.0266727628186345,5.53242580297403,0.08706434220766679
488.0,16.0,11.63,6.592282870784402,5.551719815265387,0.08662902049662846
489.0,9.0,11.63,5.2906629564240575,5.5473276128992435,0.08619587539414532
490.0,10.0,11.59,5.960322365164757,5.54542847538367,0.08576489601717459
491.0,8.0,11.56,6.687682271935046,5.559791828235611,0.08533607153708872
492.0,9.0,11.49,6.363363855518401,5.5704575985856355,0.08490939117940327
493.0,16.0,11.54,5.673486932180822,5.582588477358222,0.08448484422350626
494.0,18.0,11.59,5.978053907863796,5.594620170425624,0.08406242000238873
495.0,17.0,11.61,6.079602315090597,5.602193280262872,0.08364210790237678
496.0,13.0,11.61,5.512086056172848,5.60971234921366,0.0832238973628649
497.0,15.0,11.69,5.607934077270329,5.619544234983623,0.08280777787605056
498.0,8.0,11.68,6.884626071900129,5.643478277139366,0.08239373898667031
499.0,9.0,11.69,6.1296365251764655,5.64938427105546,0.08198177029173696
500.0,19.0,11.77,5.0854705749079585,5.650462861135602,0.08157186144027828
501.0,5.0,11.73,5.837326863780618,5.6583383094519375,0.0811640021330769
502.0,13.0,11.79,6.24899205006659,5.6658284583222125,0.08075818212241151
503.0,16.0,11.86,6.06415094062686,5.668814494675026,0.08035439121179945
504.0,13.0,11.92,6.336871078237891,5.686321314200759,0.07995261925574046
505.0,14.0,11.86,7.123126786202192,5.708909521326422,0.07955285615946175
506.0,13.0,11.85,6.290863858535886,5.716580030564219,0.07915509187866444
507.0,13.0,11.83,7.375762106850743,5.738266996014863,0.07875931641927113
508.0,18.0,11.89,6.163207499310374,5.7432034939248116,0.07836551983717477
509.0,11.0,11.86,6.129586957395077,5.743252343116328,0.07797369223798889
510.0,12.0,11.93,7.081194490194321,5.75885469504632,0.07758382377679894
511.0,13.0,12.02,6.157521960325539,5.767044375608675,0.07719590465791494
512.0,19.0,12.08,6.151811232790351,5.780713461348787,0.07680992513462537
513.0,14.0,12.08,6.130841651931405,5.792984391981736,0.07642587550895225
514.0,11.0,12.08,6.139397511258721,5.794051445480436,0.07604374613140748
515.0,16.0,12.17,6.434739888645709,5.803901466857642,0.07566352740075044
516.0,7.0,12.04,6.473646743223071,5.813262782879174,0.07528520976374668
517.0,7.0,11.99,6.058403147384524,5.811334387511015,0.07490878371492794
518.0,11.0,11.97,6.368153947405517,5.823019607258029,0.0745342397963533
519.0,12.0,12.01,6.603703080676496,5.826508607771248,0.07416156859737154
520.0,19.0,12.02,6.686400439590216,5.836130985221826,0.07379076075438468
521.0,4.0,11.86,5.536141708493233,5.836828100038693,0.07342180695061275
522.0,10.0,11.85,6.159241145476699,5.8448751857038586,0.07305469791585968
523.0,15.0,11.97,6.711207911372185,5.8674071275629105,0.07268942442628039
524.0,16.0,12.04,6.953008778393269,5.880156505256891,0.07232597730414898
525.0,17.0,12.07,6.1026138830929995,5.875512352362275,0.07196434741762824
526.0,18.0,12.23,5.945943484082818,5.880224082125351,0.0716045256805401
527.0,9.0,12.2,5.062748526223004,5.871851523211226,0.0712465030521374
528.0,18.0,12.34,7.105904591269791,5.8899462046520785,0.0708902705368767
529.0,14.0,12.41,6.103835850022733,5.89951783625409,0.07053581918419231
530.0,15.0,12.47,7.05300497636199,5.921474048639648,0.07018314008827135
531.0,11.0,12.44,6.349207790568471,5.923389118192717,0.06983222438783
532.0,13.0,12.49,6.600805448368192,5.931045272140763,0.06948306326589085
533.0,14.0,12.49,6.757542302832007,5.937409491576254,0.0691356479495614
534.0,11.0,12.47,6.2335742469877005,5.945401856387034,0.06878996970981359
535.0,10.0,12.44,6.234061475843191,5.955920068556443,0.06844601986126451
536.0,14.0,12.48,6.514730140566826,5.95805407284759,0.06810378976195819
537.0,8.0,12.49,6.369805705733597,5.9674636220745745,0.0677632708131484
538.0,11.0,12.57,6.371896084398031,5.973525246232748,0.06742445445908266
539.0,7.0,12.51,6.258703250437975,5.983210984710604,0.06708733218678724
540.0,19.0,12.6,6.949727478902787,5.989989416287281,0.0667518955258533
541.0,9.0,12.52,6.162042391020805,5.998744092630222,0.06641813604822402
542.0,9.0,12.49,6.515982097014785,6.0077441559452565,0.0660860453679829
543.0,9.0,12.56,6.573386597447097,6.01855127248913,0.06575561514114299
544.0,15.0,12.5,6.050637108273804,6.023378273313865,0.06542683706543727
545.0,12.0,12.47,5.379412103444338,6.02200303341262,0.06509970288011008
546.0,20.0,12.64,6.3611863031983376,6.0316082000080495,0.06477420436570952
547.0,13.0,12.67,7.403140802867711,6.057177403829992,0.06445033334388098
548.0,14.0,12.7,6.667028007097542,6.0698920077644285,0.06412808167716157
549.0,15.0,12.74,7.491529569029808,6.096884029321372,0.06380744126877576
550.0,11.0,12.75,6.288703045807779,6.106843962557614,0.06348840406243188
551.0,15.0,12.8,6.328736656345427,6.11280886106193,0.06317096204211972
552.0,12.0,12.87,6.729393616318703,6.1235571151971815,0.06285510723190912
553.0,17.0,12.99,6.155209883116186,6.126402188371867,0.06254083169574957
554.0,20.0,13.05,6.788040976971388,6.132750340737402,0.062228127537270826
